<?xml version="1.0" encoding="UTF-8"?>
<fop version="1.0">
    <renderers>
        <renderer mime="application/pdf">

            <fonts>

                <!-- specific font mapping -->
                <fop>
                    <fonts>
                        <font embed-url="classpath:fonts/NotoSans-ThinItalic.ttf" kerning="yes">
                            <font-triplet name="Noto Sans Thin Italic" style="normal"
                                          weight="normal" />

                            <directory>/home/lakshman/git/lwl-poc-proj/pdf-gen-svc/src/main/resources/fonts</directory>
                            <directory recursive="true">/home/lakshman/git/lwl-poc-proj/pdf-gen-svc/src/main/resources/fonts</directory>
                        </font>
                    </fonts>
                </fop>

            </fonts>
        </renderer>
    </renderers>
</fop>